Date	Open	Prediction
2017-03-30	65.41999816894531	65.6500015258789
2017-03-31	65.6500015258789	65.80999755859375
2017-04-03	65.80999755859375	65.38999938964844
2017-04-04	65.38999938964844	66.30000305175781
2017-04-05	66.30000305175781	65.5999984741211
2017-04-06	65.5999984741211	65.8499984741211
2017-04-07	65.8499984741211	65.61000061035156
2017-04-10	65.61000061035156	65.5999984741211
2017-04-11	65.5999984741211	65.41999816894531
2017-04-12	65.41999816894531	65.29000091552734
2017-04-13	65.29000091552734	65.04000091552734
2017-04-17	65.04000091552734	65.33000183105469
2017-04-18	65.33000183105469	65.6500015258789
2017-04-19	65.6500015258789	65.45999908447266
2017-04-20	65.45999908447266	65.66999816894531
2017-04-21	65.66999816894531	67.4800033569336
2017-04-24	67.4800033569336	67.9000015258789
2017-04-25	67.9000015258789	68.08000183105469
2017-04-26	68.08000183105469	68.1500015258789
2017-04-27	68.1500015258789	68.91000366210938
2017-04-28	68.91000366210938	68.68000030517578
2017-05-01	68.68000030517578	69.70999908447266
2017-05-02	69.70999908447266	69.37999725341797
2017-05-03	69.37999725341797	69.02999877929688
2017-05-04	69.02999877929688	68.9000015258789
2017-05-05	68.9000015258789	68.97000122070312
2017-05-08	68.97000122070312	68.86000061035156
2017-05-09	68.86000061035156	68.98999786376953
2017-05-10	68.98999786376953	68.36000061035156
2017-05-11	68.36000061035156	68.61000061035156
2017-05-12	68.61000061035156	68.13999938964844
2017-05-15	68.13999938964844	68.2300033569336
2017-05-16	68.2300033569336	68.88999938964844
2017-05-17	68.88999938964844	67.4000015258789
2017-05-18	67.4000015258789	67.5
2017-05-19	67.5	67.88999938964844
2017-05-22	67.88999938964844	68.72000122070312
2017-05-23	68.72000122070312	68.87000274658203
2017-05-24	68.87000274658203	68.97000122070312
2017-05-25	68.97000122070312	69.80000305175781
2017-05-26	69.80000305175781	69.79000091552734
2017-05-30	69.79000091552734	70.52999877929688
2017-05-31	70.52999877929688	70.23999786376953
2017-06-01	70.23999786376953	70.44000244140625
2017-06-02	70.44000244140625	71.97000122070312
2017-06-05	71.97000122070312	72.30000305175781
2017-06-06	72.30000305175781	72.63999938964844
2017-06-07	72.63999938964844	72.51000213623047
2017-06-08	72.51000213623047	72.04000091552734
2017-06-09	72.04000091552734	69.25
2017-06-12	69.25	70.0199966430664
2017-06-13	70.0199966430664	70.91000366210938
2017-06-14	70.91000366210938	69.2699966430664
2017-06-15	69.2699966430664	69.7300033569336
2017-06-16	69.7300033569336	70.5
2017-06-19	70.5	70.81999969482422
2017-06-20	70.81999969482422	70.20999908447266
2017-06-21	70.20999908447266	70.54000091552734
2017-06-22	70.54000091552734	70.08999633789062
2017-06-23	70.08999633789062	71.4000015258789
2017-06-26	71.4000015258789	70.11000061035156
2017-06-27	70.11000061035156	69.20999908447266
2017-06-28	69.20999908447266	69.37999725341797
2017-06-29	69.37999725341797	68.77999877929688
2017-06-30	68.77999877929688	69.33000183105469
2017-07-03	69.33000183105469	68.26000213623047
2017-07-05	68.26000213623047	68.2699966430664
2017-07-06	68.2699966430664	68.69999694824219
2017-07-07	68.69999694824219	69.45999908447266
2017-07-10	69.45999908447266	70.0
2017-07-11	70.0	70.69000244140625
2017-07-12	70.69000244140625	71.5
2017-07-13	71.5	72.23999786376953
2017-07-14	72.23999786376953	72.80000305175781
2017-07-17	72.80000305175781	73.08999633789062
2017-07-18	73.08999633789062	73.5
2017-07-19	73.5	74.18000030517578
2017-07-20	74.18000030517578	73.44999694824219
2017-07-21	73.44999694824219	73.52999877929688
2017-07-24	73.52999877929688	73.80000305175781
2017-07-25	73.80000305175781	74.33999633789062
2017-07-26	74.33999633789062	73.76000213623047
2017-07-27	73.76000213623047	72.66999816894531
2017-07-28	72.66999816894531	73.30000305175781
2017-07-31	73.30000305175781	73.0999984741211
2017-08-01	73.0999984741211	72.55000305175781
2017-08-02	72.55000305175781	72.19000244140625
2017-08-03	72.19000244140625	72.4000015258789
2017-08-04	72.4000015258789	72.80000305175781
2017-08-07	72.80000305175781	72.08999633789062
2017-08-08	72.08999633789062	72.25
2017-08-09	72.25	71.9000015258789
2017-08-10	71.9000015258789	71.61000061035156
2017-08-11	71.61000061035156	73.05999755859375
2017-08-14	73.05999755859375	73.58999633789062
2017-08-15	73.58999633789062	73.33999633789062
2017-08-16	73.33999633789062	73.58000183105469
2017-08-17	73.58000183105469	72.2699966430664
2017-08-18	72.2699966430664	72.47000122070312
2017-08-21	72.47000122070312	72.3499984741211
2017-08-22	72.3499984741211	72.95999908447266
2017-08-23	72.95999908447266	72.73999786376953
2017-08-24	72.73999786376953	72.86000061035156
2017-08-25	72.86000061035156	73.05999755859375
2017-08-28	73.05999755859375	72.25
2017-08-29	72.25	73.01000213623047
2017-08-30	73.01000213623047	74.02999877929688
2017-08-31	74.02999877929688	74.70999908447266
2017-09-01	74.70999908447266	73.33999633789062
2017-09-05	73.33999633789062	73.73999786376953
2017-09-06	73.73999786376953	73.68000030517578
2017-09-07	73.68000030517578	74.33000183105469
2017-09-08	74.33000183105469	74.30999755859375
2017-09-11	74.30999755859375	74.76000213623047
2017-09-12	74.76000213623047	74.93000030517578
2017-09-13	74.93000030517578	75.0
2017-09-14	75.0	74.83000183105469
2017-09-15	74.83000183105469	75.2300033569336
2017-09-18	75.2300033569336	75.20999908447266
2017-09-19	75.20999908447266	75.3499984741211
2017-09-20	75.3499984741211	75.11000061035156
2017-09-21	75.11000061035156	73.98999786376953
2017-09-22	73.98999786376953	74.08999633789062
2017-09-25	74.08999633789062	73.66999816894531
2017-09-26	73.66999816894531	73.55000305175781
2017-09-27	73.55000305175781	73.54000091552734
2017-09-28	73.54000091552734	73.94000244140625
2017-09-29	73.94000244140625	74.70999908447266
2017-10-02	74.70999908447266	74.66999816894531
2017-10-03	74.66999816894531	74.08999633789062
2017-10-04	74.08999633789062	75.22000122070312
2017-10-05	75.22000122070312	75.66999816894531
2017-10-06	75.66999816894531	75.97000122070312
2017-10-09	75.97000122070312	76.33000183105469
2017-10-10	76.33000183105469	76.36000061035156
2017-10-11	76.36000061035156	76.48999786376953
2017-10-12	76.48999786376953	77.58999633789062
2017-10-13	77.58999633789062	77.41999816894531
2017-10-16	77.41999816894531	77.47000122070312
2017-10-17	77.47000122070312	77.66999816894531
2017-10-18	77.66999816894531	77.56999969482422
2017-10-19	77.56999969482422	78.31999969482422
2017-10-20	78.31999969482422	78.98999786376953
2017-10-23	78.98999786376953	78.9000015258789
2017-10-24	78.9000015258789	78.58000183105469
2017-10-25	78.58000183105469	79.19999694824219
2017-10-26	79.19999694824219	84.37000274658203
2017-10-27	84.37000274658203	83.69999694824219
2017-10-30	83.69999694824219	84.36000061035156
2017-10-31	84.36000061035156	83.68000030517578
2017-11-01	83.68000030517578	83.3499984741211
2017-11-02	83.3499984741211	84.08000183105469
2017-11-03	84.08000183105469	84.19999694824219
2017-11-06	84.19999694824219	84.7699966430664
2017-11-07	84.7699966430664	84.13999938964844
2017-11-08	84.13999938964844	84.11000061035156
2017-11-09	84.11000061035156	83.79000091552734
2017-11-10	83.79000091552734	83.66000366210938
2017-11-13	83.66000366210938	83.5
2017-11-14	83.5	83.47000122070312
2017-11-15	83.47000122070312	83.0999984741211
2017-11-16	83.0999984741211	83.12000274658203
2017-11-17	83.12000274658203	82.4000015258789
2017-11-20	82.4000015258789	82.73999786376953
2017-11-21	82.73999786376953	83.83000183105469
2017-11-22	83.83000183105469	83.01000213623047
2017-11-24	83.01000213623047	83.30999755859375
2017-11-27	83.30999755859375	84.06999969482422
2017-11-28	84.06999969482422	84.70999908447266
2017-11-29	84.70999908447266	83.51000213623047
2017-11-30	83.51000213623047	83.5999984741211
2017-12-01	83.5999984741211	84.41999816894531
2017-12-04	84.41999816894531	81.33999633789062
2017-12-05	81.33999633789062	81.55000305175781
2017-12-06	81.55000305175781	82.54000091552734
2017-12-07	82.54000091552734	83.62999725341797
2017-12-08	83.62999725341797	84.29000091552734
2017-12-11	84.29000091552734	85.30999755859375
2017-12-12	85.30999755859375	85.73999786376953
2017-12-13	85.73999786376953	85.43000030517578
2017-12-14	85.43000030517578	85.26000213623047
2017-12-15	85.26000213623047	87.12000274658203
2017-12-18	87.12000274658203	86.3499984741211
2017-12-19	86.3499984741211	86.19999694824219
2017-12-20	86.19999694824219	86.05000305175781
2017-12-21	86.05000305175781	85.4000015258789
2017-12-22	85.4000015258789	85.30999755859375
2017-12-26	85.30999755859375	85.6500015258789
2017-12-27	85.6500015258789	85.9000015258789
2017-12-28	85.9000015258789	85.62999725341797
2017-12-29	85.62999725341797	86.12999725341797
2018-01-02	86.12999725341797	86.05999755859375
2018-01-03	86.05999755859375	86.58999633789062
2018-01-04	86.58999633789062	87.66000366210938
2018-01-05	87.66000366210938	88.19999694824219
2018-01-08	88.19999694824219	88.6500015258789
2018-01-09	88.6500015258789	87.86000061035156
2018-01-10	87.86000061035156	88.12999725341797
2018-01-11	88.12999725341797	88.66999816894531
2018-01-12	88.66999816894531	90.0999984741211
2018-01-16	90.0999984741211	89.08000183105469
2018-01-17	89.08000183105469	89.80000305175781
2018-01-18	89.80000305175781	90.13999938964844
2018-01-19	90.13999938964844	90.0
2018-01-22	90.0	91.9000015258789
2018-01-23	91.9000015258789	92.55000305175781
2018-01-24	92.55000305175781	92.47000122070312
2018-01-25	92.47000122070312	93.12000274658203
2018-01-26	93.12000274658203	95.13999938964844
2018-01-29	95.13999938964844	93.30000305175781
2018-01-30	93.30000305175781	93.75
2018-01-31	93.75	94.79000091552734
2018-02-01	94.79000091552734	93.63999938964844
2018-02-02	93.63999938964844	90.55999755859375
2018-02-05	90.55999755859375	86.88999938964844
2018-02-06	86.88999938964844	90.48999786376953
2018-02-07	90.48999786376953	89.70999908447266
2018-02-08	89.70999908447266	86.30000305175781
2018-02-09	86.30000305175781	88.73999786376953
2018-02-12	88.73999786376953	88.93000030517578
2018-02-13	88.93000030517578	88.51000213623047
2018-02-14	88.51000213623047	91.20999908447266
2018-02-15	91.20999908447266	92.44999694824219
2018-02-16	92.44999694824219	91.4800033569336
2018-02-20	91.4800033569336	92.9800033569336
2018-02-21	92.9800033569336	92.05000305175781
2018-02-22	92.05000305175781	93.5999984741211
2018-02-23	93.5999984741211	94.4000015258789
2018-02-26	94.4000015258789	95.73999786376953
2018-02-27	95.73999786376953	94.83999633789062
2018-02-28	94.83999633789062	93.98999786376953
2018-03-01	93.98999786376953	91.58000183105469
2018-03-02	91.58000183105469	92.33999633789062
2018-03-05	92.33999633789062	94.33999633789062
2018-03-06	94.33999633789062	93.16000366210938
2018-03-07	93.16000366210938	94.2699966430664
2018-03-08	94.2699966430664	95.29000091552734
2018-03-09	95.29000091552734	96.5
2018-03-12	96.5	97.0
2018-03-13	97.0	95.12000274658203
2018-03-14	95.12000274658203	93.52999877929688
2018-03-15	93.52999877929688	94.68000030517578
2018-03-16	94.68000030517578	93.73999786376953
2018-03-19	93.73999786376953	93.05000305175781
2018-03-20	93.05000305175781	92.93000030517578
2018-03-21	92.93000030517578	91.2699966430664
2018-03-22	91.2699966430664	89.5
2018-03-23	89.5	90.61000061035156
2018-03-26	90.61000061035156	94.94000244140625
2018-03-27	94.94000244140625	89.81999969482422
2018-03-28	89.81999969482422	90.18000030517578
2018-03-29	90.18000030517578	90.47000122070312
2018-04-02	90.47000122070312	89.58000183105469
2018-04-03	89.58000183105469	87.8499984741211
2018-04-04	87.8499984741211	92.44000244140625
2018-04-05	92.44000244140625	91.48999786376953
2018-04-06	91.48999786376953	91.04000091552734
2018-04-09	91.04000091552734	92.38999938964844
2018-04-10	92.38999938964844	92.01000213623047
2018-04-11	92.01000213623047	92.43000030517578
2018-04-12	92.43000030517578	94.05000305175781
2018-04-13	94.05000305175781	94.06999969482422
2018-04-16	94.06999969482422	95.0
2018-04-17	95.0	96.22000122070312
2018-04-18	96.22000122070312	96.44000244140625
2018-04-19	96.44000244140625	95.91000366210938
2018-04-20	95.91000366210938	95.73999786376953
2018-04-23	95.73999786376953	96.23999786376953
2018-04-24	96.23999786376953	93.30000305175781
2018-04-25	93.30000305175781	93.55000305175781
2018-04-26	93.55000305175781	97.5999984741211
2018-04-27	97.5999984741211	96.33000183105469
2018-04-30	96.33000183105469	93.20999908447266
2018-05-01	93.20999908447266	94.98999786376953
2018-05-02	94.98999786376953	92.95999908447266
2018-05-03	92.95999908447266	93.31999969482422
2018-05-04	93.31999969482422	95.16999816894531
2018-05-07	95.16999816894531	95.8499984741211
2018-05-08	95.8499984741211	96.01000213623047
2018-05-09	96.01000213623047	97.45999908447266
2018-05-10	97.45999908447266	97.80000305175781
2018-05-11	97.80000305175781	97.91999816894531
2018-05-14	97.91999816894531	97.23999786376953
2018-05-15	97.23999786376953	97.36000061035156
2018-05-16	97.36000061035156	96.76000213623047
2018-05-17	96.76000213623047	96.01000213623047
2018-05-18	96.01000213623047	97.0
2018-05-21	97.0	97.68000030517578
2018-05-22	97.68000030517578	96.70999908447266
2018-05-23	96.70999908447266	98.7300033569336
2018-05-24	98.7300033569336	98.30000305175781
2018-05-25	98.30000305175781	97.83999633789062
2018-05-29	97.83999633789062	98.30999755859375
2018-05-30	98.30999755859375	99.29000091552734
2018-05-31	99.29000091552734	99.27999877929688
2018-06-01	99.27999877929688	101.26000213623047
2018-06-04	101.26000213623047	102.0
2018-06-05	102.0	102.4800033569336
2018-06-06	102.4800033569336	102.6500015258789
2018-06-07	102.6500015258789	101.08999633789062
2018-06-08	101.08999633789062	101.01000213623047
2018-06-11	101.01000213623047	101.0999984741211
2018-06-12	101.0999984741211	101.72000122070312
2018-06-13	101.72000122070312	101.6500015258789
2018-06-14	101.6500015258789	101.51000213623047
2018-06-15	101.51000213623047	100.01000213623047
2018-06-18	100.01000213623047	99.6500015258789
2018-06-19	99.6500015258789	101.37000274658203
2018-06-20	101.37000274658203	102.08000183105469
2018-06-21	102.08000183105469	100.41000366210938
2018-06-22	100.41000366210938	100.0
2018-06-25	100.0	98.81999969482422
2018-06-26	98.81999969482422	99.58000183105469
2018-06-27	99.58000183105469	97.37999725341797
2018-06-28	97.37999725341797	98.93000030517578
2018-06-29	98.93000030517578	98.0999984741211
2018-07-02	98.0999984741211	100.4800033569336
2018-07-03	100.4800033569336	99.5
2018-07-05	99.5	99.88999938964844
2018-07-06	99.88999938964844	101.6500015258789
2018-07-09	101.6500015258789	102.0
2018-07-10	102.0	101.1500015258789
2018-07-11	101.1500015258789	102.7699966430664
2018-07-12	102.7699966430664	104.37000274658203
2018-07-13	104.37000274658203	105.4000015258789
2018-07-16	105.4000015258789	104.61000061035156
2018-07-17	104.61000061035156	105.94000244140625
2018-07-18	105.94000244140625	104.93000030517578
2018-07-19	104.93000030517578	108.08000183105469
2018-07-20	108.08000183105469	106.30000305175781
2018-07-23	106.30000305175781	108.56999969482422
2018-07-24	108.56999969482422	107.95999908447266
2018-07-25	107.95999908447266	110.73999786376953
2018-07-26	110.73999786376953	110.18000030517578
2018-07-27	110.18000030517578	107.19000244140625
2018-07-30	107.19000244140625	106.48999786376953
2018-07-31	106.48999786376953	106.02999877929688
2018-08-01	106.02999877929688	105.4000015258789
2018-08-02	105.4000015258789	107.80000305175781
2018-08-03	107.80000305175781	108.12000274658203
2018-08-06	108.12000274658203	108.55999755859375
2018-08-07	108.55999755859375	109.33000183105469
2018-08-08	109.33000183105469	109.70999908447266
2018-08-09	109.70999908447266	109.41999816894531
2018-08-10	109.41999816894531	109.23999786376953
2018-08-13	109.23999786376953	108.55999755859375
2018-08-14	108.55999755859375	108.48999786376953
2018-08-15	108.48999786376953	108.30000305175781
2018-08-16	108.30000305175781	107.36000061035156
2018-08-17	107.36000061035156	107.51000213623047
2018-08-20	107.51000213623047	106.91999816894531
2018-08-21	106.91999816894531	105.8499984741211
2018-08-22	105.8499984741211	107.1500015258789
2018-08-23	107.1500015258789	107.66999816894531
2018-08-24	107.66999816894531	109.2699966430664
2018-08-27	109.2699966430664	109.94000244140625
2018-08-28	109.94000244140625	110.44999694824219
2018-08-29	110.44999694824219	111.66999816894531
2018-08-30	111.66999816894531	111.69000244140625
2018-08-31	111.69000244140625	110.8499984741211
2018-09-04	110.8499984741211	111.01000213623047
2018-09-05	111.01000213623047	108.25
2018-09-06	108.25	108.2300033569336
2018-09-07	108.2300033569336	108.83999633789062
2018-09-10	108.83999633789062	108.9000015258789
2018-09-11	108.9000015258789	111.43000030517578
2018-09-12	111.43000030517578	112.12000274658203
2018-09-13	112.12000274658203	113.36000061035156
2018-09-14	113.36000061035156	113.69000244140625
2018-09-17	113.69000244140625	112.19000244140625
2018-09-18	112.19000244140625	113.05000305175781
2018-09-19	113.05000305175781	112.27999877929688
2018-09-20	112.27999877929688	114.0
2018-09-21	114.0	113.02999877929688
2018-09-24	113.02999877929688	114.80000305175781
2018-09-25	114.80000305175781	114.47000122070312
2018-09-26	114.47000122070312	114.77999877929688
2018-09-27	114.77999877929688	114.19000244140625
2018-09-28	114.19000244140625	114.75
2018-10-01	114.75	115.30000305175781
2018-10-02	115.30000305175781	115.41999816894531
2018-10-03	115.41999816894531	114.61000061035156
2018-10-04	114.61000061035156	112.62999725341797
2018-10-05	112.62999725341797	111.66000366210938
2018-10-08	111.66000366210938	111.13999938964844
2018-10-09	111.13999938964844	111.23999786376953
2018-10-10	111.23999786376953	105.3499984741211
2018-10-11	105.3499984741211	109.01000213623047
2018-10-12	109.01000213623047	108.91000366210938
2018-10-15	108.91000366210938	109.54000091552734
2018-10-16	109.54000091552734	111.68000030517578
2018-10-17	111.68000030517578	110.0999984741211
2018-10-18	110.0999984741211	108.93000030517578
2018-10-19	108.93000030517578	109.31999969482422
2018-10-22	109.31999969482422	107.7699966430664
2018-10-23	107.7699966430664	108.41000366210938
2018-10-24	108.41000366210938	106.55000305175781
2018-10-25	106.55000305175781	105.69000244140625
2018-10-26	105.69000244140625	108.11000061035156
2018-10-29	108.11000061035156	103.66000366210938
2018-10-30	103.66000366210938	105.44000244140625
2018-10-31	105.44000244140625	107.05000305175781
2018-11-01	107.05000305175781	106.4800033569336
2018-11-02	106.4800033569336	106.37000274658203
2018-11-05	106.37000274658203	107.37999725341797
2018-11-06	107.37999725341797	109.44000244140625
2018-11-07	109.44000244140625	111.80000305175781
2018-11-08	111.80000305175781	110.8499984741211
2018-11-09	110.8499984741211	109.41999816894531
2018-11-12	109.41999816894531	107.55000305175781
2018-11-13	107.55000305175781	108.0999984741211
2018-11-14	108.0999984741211	104.98999786376953
2018-11-15	104.98999786376953	107.08000183105469
2018-11-16	107.08000183105469	108.2699966430664
2018-11-19	108.2699966430664	101.80000305175781
2018-11-20	101.80000305175781	103.5999984741211
2018-11-21	103.5999984741211	102.16999816894531
2018-11-23	102.16999816894531	104.79000091552734
2018-11-26	104.79000091552734	106.2699966430664
2018-11-27	106.2699966430664	107.88999938964844
2018-11-28	107.88999938964844	110.33000183105469
2018-11-29	110.33000183105469	110.69999694824219
2018-11-30	110.69999694824219	113.0
2018-12-03	113.0	111.94000244140625
2018-12-04	111.94000244140625	105.81999969482422
2018-12-06	105.81999969482422	108.37999725341797
2018-12-07	108.37999725341797	104.80000305175781
2018-12-10	104.80000305175781	109.80000305175781
2018-12-11	109.80000305175781	110.88999938964844
2018-12-12	110.88999938964844	109.58000183105469
2018-12-13	109.58000183105469	108.25
2018-12-14	108.25	105.41000366210938
2018-12-17	105.41000366210938	103.75
2018-12-18	103.75	103.6500015258789
2018-12-19	103.6500015258789	103.05000305175781
2018-12-20	103.05000305175781	101.62999725341797
2018-12-21	101.62999725341797	97.68000030517578
2018-12-24	97.68000030517578	95.13999938964844
2018-12-26	95.13999938964844	99.30000305175781
2018-12-27	99.30000305175781	102.08999633789062
2018-12-28	102.08999633789062	101.29000091552734
2018-12-31	101.29000091552734	99.55000305175781
2019-01-02	99.55000305175781	100.0999984741211
2019-01-03	100.0999984741211	99.72000122070312
2019-01-04	99.72000122070312	101.63999938964844
2019-01-07	101.63999938964844	103.04000091552734
2019-01-08	103.04000091552734	103.86000061035156
2019-01-09	103.86000061035156	103.22000122070312
2019-01-10	103.22000122070312	103.19000244140625
2019-01-11	103.19000244140625	101.9000015258789
2019-01-14	101.9000015258789	102.51000213623047
2019-01-15	102.51000213623047	105.26000213623047
2019-01-16	105.26000213623047	105.0
2019-01-17	105.0	107.45999908447266
2019-01-18	107.45999908447266	106.75
2019-01-22	106.75	106.12000274658203
2019-01-23	106.12000274658203	106.86000061035156
2019-01-24	106.86000061035156	107.23999786376953
2019-01-25	107.23999786376953	106.26000213623047
2019-01-28	106.26000213623047	104.87999725341797
2019-01-29	104.87999725341797	104.62000274658203
2019-01-30	104.62000274658203	103.80000305175781
2019-01-31	103.80000305175781	103.77999877929688
2019-02-01	103.77999877929688	102.87000274658203
2019-02-04	102.87000274658203	106.05999755859375
2019-02-05	106.05999755859375	107.0
2019-02-06	107.0	105.19000244140625
2019-02-07	105.19000244140625	104.38999938964844
2019-02-08	104.38999938964844	106.19999694824219
2019-02-11	106.19999694824219	106.13999938964844
2019-02-12	106.13999938964844	107.5
2019-02-13	107.5	106.30999755859375
2019-02-14	106.30999755859375	107.91000366210938
2019-02-15	107.91000366210938	107.79000091552734
2019-02-19	107.79000091552734	107.86000061035156
2019-02-20	107.86000061035156	106.9000015258789
2019-02-21	106.9000015258789	110.05000305175781
2019-02-22	110.05000305175781	111.76000213623047
2019-02-25	111.76000213623047	111.26000213623047
2019-02-26	111.26000213623047	111.69000244140625
2019-02-27	111.69000244140625	112.04000091552734
2019-02-28	112.04000091552734	112.88999938964844
2019-03-01	112.88999938964844	113.0199966430664
2019-03-04	113.0199966430664	112.25
2019-03-05	112.25	111.87000274658203
2019-03-06	111.87000274658203	111.4000015258789
2019-03-07	111.4000015258789	109.16000366210938
2019-03-08	109.16000366210938	110.98999786376953
2019-03-11	110.98999786376953	112.81999969482422
2019-03-12	112.81999969482422	114.12999725341797
2019-03-13	114.12999725341797	114.54000091552734
2019-03-14	114.54000091552734	115.33999633789062
2019-03-15	115.33999633789062	116.16999816894531
2019-03-18	116.16999816894531	118.08999633789062
2019-03-19	118.08999633789062	117.38999938964844
2019-03-20	117.38999938964844	117.13999938964844
2019-03-21	117.13999938964844	119.5
2019-03-22	119.5	116.55999755859375
2019-03-25	116.55999755859375	118.62000274658203
2019-03-26	118.62000274658203	117.87999725341797
2019-03-27	117.87999725341797	117.44000244140625
2019-03-28	117.44000244140625	118.06999969482422
2019-03-29	118.06999969482422	118.94999694824219
2019-04-01	118.94999694824219	119.05999755859375
2019-04-02	119.05999755859375	119.86000061035156
2019-04-03	119.86000061035156	120.0999984741211
2019-04-04	120.0999984741211	119.38999938964844
2019-04-05	119.38999938964844	119.80999755859375
2019-04-08	119.80999755859375	118.62999725341797
2019-04-09	118.62999725341797	119.76000213623047
2019-04-10	119.76000213623047	120.54000091552734
2019-04-11	120.54000091552734	120.63999938964844
2019-04-12	120.63999938964844	120.94000244140625
2019-04-15	120.94000244140625	121.63999938964844
2019-04-16	121.63999938964844	121.23999786376953
2019-04-17	121.23999786376953	122.19000244140625
2019-04-18	122.19000244140625	122.62000274658203
2019-04-22	122.62000274658203	124.0999984741211
2019-04-23	124.0999984741211	125.79000091552734
2019-04-24	125.79000091552734	130.05999755859375
2019-04-25	130.05999755859375	129.6999969482422
2019-04-26	129.6999969482422	129.89999389648438
2019-04-29	129.89999389648438	129.80999755859375
2019-04-30	129.80999755859375	130.52999877929688
2019-05-01	130.52999877929688	127.9800033569336
2019-05-02	127.9800033569336	127.36000061035156
2019-05-03	127.36000061035156	126.38999938964844
2019-05-06	126.38999938964844	126.45999908447266
2019-05-07	126.45999908447266	125.44000244140625
2019-05-08	125.44000244140625	124.29000091552734
2019-05-09	124.29000091552734	124.91000366210938
2019-05-10	124.91000366210938	124.11000061035156
2019-05-13	124.11000061035156	123.87000274658203
2019-05-14	123.87000274658203	124.26000213623047
2019-05-15	124.26000213623047	126.75
2019-05-16	126.75	128.30999755859375
2019-05-17	128.30999755859375	126.5199966430664
2019-05-20	126.5199966430664	127.43000030517578
2019-05-21	127.43000030517578	126.62000274658203
2019-05-22	126.62000274658203	126.19999694824219
2019-05-23	126.19999694824219	126.91000366210938
2019-05-24	126.91000366210938	126.9800033569336
2019-05-28	126.9800033569336	125.37999725341797
2019-05-29	125.37999725341797	125.26000213623047
2019-05-30	125.26000213623047	124.2300033569336
2019-05-31	124.2300033569336	123.8499984741211
2019-06-03	123.8499984741211	121.27999877929688
2019-06-04	121.27999877929688	124.94999694824219
2019-06-05	124.94999694824219	126.44000244140625
2019-06-06	126.44000244140625	129.19000244140625
2019-06-07	129.19000244140625	132.39999389648438
2019-06-10	132.39999389648438	133.8800048828125
2019-06-11	133.8800048828125	131.39999389648438
2019-06-12	131.39999389648438	131.97999572753906
2019-06-13	131.97999572753906	132.25999450683594
2019-06-14	132.25999450683594	132.6300048828125
2019-06-17	132.6300048828125	134.19000244140625
2019-06-18	134.19000244140625	135.0
2019-06-19	135.0	137.4499969482422
2019-06-20	137.4499969482422	136.5800018310547
2019-06-21	136.5800018310547	137.0
2019-06-24	137.0	137.25
2019-06-25	137.25	134.35000610351562
2019-06-26	134.35000610351562	134.13999938964844
2019-06-27	134.13999938964844	134.57000732421875
2019-06-28	134.57000732421875	136.6300048828125
2019-07-01	136.6300048828125	136.1199951171875
2019-07-02	136.1199951171875	136.8000030517578
2019-07-03	136.8000030517578	135.94000244140625
2019-07-05	135.94000244140625	136.39999389648438
2019-07-08	136.39999389648438	136.0
2019-07-09	136.0	137.1300048828125
2019-07-10	137.1300048828125	138.1999969482422
2019-07-11	138.1999969482422	138.85000610351562
2019-07-12	138.85000610351562	139.44000244140625
2019-07-15	139.44000244140625	138.9600067138672
2019-07-16	138.9600067138672	137.6999969482422
2019-07-17	137.6999969482422	135.5500030517578
2019-07-18	135.5500030517578	140.22000122070312
2019-07-19	140.22000122070312	137.41000366210938
2019-07-22	137.41000366210938	139.75999450683594
2019-07-23	139.75999450683594	138.89999389648438
2019-07-24	138.89999389648438	140.42999267578125
2019-07-25	140.42999267578125	140.3699951171875
2019-07-26	140.3699951171875	141.5
2019-07-29	141.5	140.13999938964844
2019-07-30	140.13999938964844	140.3300018310547
2019-07-31	140.3300018310547	137.0
2019-08-01	137.0	138.08999633789062
2019-08-02	138.08999633789062	133.3000030517578
2019-08-05	133.3000030517578	133.8000030517578
2019-08-06	133.8000030517578	133.7899932861328
2019-08-07	133.7899932861328	136.60000610351562
2019-08-08	136.60000610351562	138.61000061035156
2019-08-09	138.61000061035156	137.07000732421875
2019-08-12	137.07000732421875	136.0500030517578
2019-08-13	136.0500030517578	136.36000061035156
2019-08-14	136.36000061035156	134.38999938964844
2019-08-15	134.38999938964844	134.8800048828125
2019-08-16	134.8800048828125	137.85000610351562
2019-08-19	137.85000610351562	138.2100067138672
2019-08-20	138.2100067138672	138.5500030517578
2019-08-21	138.5500030517578	138.66000366210938
2019-08-22	138.66000366210938	137.19000244140625
2019-08-23	137.19000244140625	134.99000549316406
2019-08-26	134.99000549316406	136.38999938964844
2019-08-27	136.38999938964844	134.8800048828125
2019-08-28	134.8800048828125	137.25
2019-08-29	137.25	139.14999389648438
2019-08-30	139.14999389648438	136.61000061035156
2019-09-03	136.61000061035156	137.3000030517578
2019-09-04	137.3000030517578	139.11000061035156
2019-09-05	139.11000061035156	140.02999877929688
2019-09-06	140.02999877929688	139.58999633789062
2019-09-09	139.58999633789062	136.8000030517578
2019-09-10	136.8000030517578	135.91000366210938
2019-09-11	135.91000366210938	137.85000610351562
2019-09-12	137.85000610351562	137.77999877929688
2019-09-13	137.77999877929688	135.8300018310547
2019-09-16	135.8300018310547	136.9600067138672
2019-09-17	136.9600067138672	137.36000061035156
2019-09-18	137.36000061035156	140.3000030517578
2019-09-19	140.3000030517578	141.00999450683594
2019-09-20	141.00999450683594	139.22999572753906
2019-09-23	139.22999572753906	140.36000061035156
2019-09-24	140.36000061035156	137.5
2019-09-25	137.5	139.44000244140625
2019-09-26	139.44000244140625	140.14999389648438
2019-09-27	140.14999389648438	138.0500030517578
2019-09-30	138.0500030517578	139.66000366210938
2019-10-01	139.66000366210938	136.25
2019-10-02	136.25	134.9499969482422
2019-10-03	134.9499969482422	136.75
2019-10-04	136.75	137.13999938964844
2019-10-07	137.13999938964844	137.0800018310547
2019-10-08	137.0800018310547	137.4600067138672
2019-10-09	137.4600067138672	138.49000549316406
2019-10-10	138.49000549316406	140.1199951171875
2019-10-11	140.1199951171875	139.69000244140625
2019-10-14	139.69000244140625	140.05999755859375
2019-10-15	140.05999755859375	140.7899932861328
2019-10-16	140.7899932861328	140.9499969482422
2019-10-17	140.9499969482422	139.75999450683594
2019-10-18	139.75999450683594	138.4499969482422
2019-10-21	138.4499969482422	138.97000122070312
2019-10-22	138.97000122070312	136.8800048828125
2019-10-23	136.8800048828125	139.38999938964844
2019-10-24	139.38999938964844	139.33999633789062
2019-10-25	139.33999633789062	144.39999389648438
2019-10-28	144.39999389648438	144.0800018310547
2019-10-29	144.0800018310547	143.52000427246094
2019-10-30	143.52000427246094	144.89999389648438
2019-10-31	144.89999389648438	144.25999450683594
2019-11-01	144.25999450683594	144.8300018310547
2019-11-04	144.8300018310547	144.97000122070312
2019-11-05	144.97000122070312	144.3699951171875
2019-11-06	144.3699951171875	143.83999633789062
2019-11-07	143.83999633789062	143.97999572753906
2019-11-08	143.97999572753906	145.33999633789062
2019-11-11	145.33999633789062	146.27999877929688
2019-11-12	146.27999877929688	146.74000549316406
2019-11-13	146.74000549316406	147.02000427246094
2019-11-14	147.02000427246094	148.92999267578125
2019-11-15	148.92999267578125	150.07000732421875
2019-11-18	150.07000732421875	150.8800048828125
2019-11-19	150.8800048828125	150.30999755859375
2019-11-20	150.30999755859375	149.39999389648438
2019-11-21	149.39999389648438	150.07000732421875
2019-11-22	150.07000732421875	150.0
2019-11-25	150.0	151.36000061035156
2019-11-26	151.36000061035156	152.3300018310547
2019-11-27	152.3300018310547	152.10000610351562
2019-11-29	152.10000610351562	151.80999755859375
2019-12-02	151.80999755859375	147.49000549316406
2019-12-03	147.49000549316406	150.13999938964844
2019-12-04	150.13999938964844	150.0500030517578
2019-12-05	150.0500030517578	150.99000549316406
2019-12-06	150.99000549316406	151.07000732421875
2019-12-09	151.07000732421875	151.2899932861328
2019-12-10	151.2899932861328	151.5399932861328
2019-12-11	151.5399932861328	151.64999389648438
2019-12-12	151.64999389648438	153.0
2019-12-13	153.0	155.11000061035156
2019-12-16	155.11000061035156	155.4499969482422
2019-12-17	155.4499969482422	154.3000030517578
2019-12-18	154.3000030517578	154.0
2019-12-19	154.0	157.35000610351562
2019-12-20	157.35000610351562	158.1199951171875
2019-12-23	158.1199951171875	157.47999572753906
2019-12-24	157.47999572753906	157.55999755859375
2019-12-26	157.55999755859375	159.4499969482422
2019-12-27	159.4499969482422	158.99000549316406
2019-12-30	158.99000549316406	156.77000427246094
2019-12-31	156.77000427246094	158.77999877929688
2020-01-02	158.77999877929688	158.32000732421875
2020-01-03	158.32000732421875	157.0800018310547
2020-01-06	157.0800018310547	159.32000732421875
2020-01-07	159.32000732421875	158.92999267578125
2020-01-08	158.92999267578125	161.83999633789062
2020-01-09	161.83999633789062	162.82000732421875
2020-01-10	162.82000732421875	161.75999450683594
2020-01-13	161.75999450683594	163.38999938964844
2020-01-14	163.38999938964844	162.6199951171875
2020-01-15	162.6199951171875	164.35000610351562
2020-01-16	164.35000610351562	167.4199981689453
2020-01-17	167.4199981689453	166.67999267578125
2020-01-21	166.67999267578125	167.39999389648438
2020-01-22	167.39999389648438	166.19000244140625
2020-01-23	166.19000244140625	167.50999450683594
2020-01-24	167.50999450683594	161.14999389648438
2020-01-27	161.14999389648438	163.77999877929688
2020-01-28	163.77999877929688	167.83999633789062
2020-01-29	167.83999633789062	174.0500030517578
2020-01-30	174.0500030517578	172.2100067138672
2020-01-31	172.2100067138672	170.42999267578125
2020-02-03	170.42999267578125	177.13999938964844
2020-02-04	177.13999938964844	184.02999877929688
2020-02-05	184.02999877929688	180.97000122070312
2020-02-06	180.97000122070312	182.85000610351562
2020-02-07	182.85000610351562	183.5800018310547
2020-02-10	183.5800018310547	190.64999389648438
2020-02-11	190.64999389648438	185.5800018310547
2020-02-12	185.5800018310547	183.0800018310547
2020-02-13	183.0800018310547	183.25
2020-02-14	183.25	185.61000061035156
2020-02-18	185.61000061035156	188.05999755859375
2020-02-19	188.05999755859375	186.9499969482422
2020-02-20	186.9499969482422	183.1699981689453
2020-02-21	183.1699981689453	167.77000427246094
2020-02-24	167.77000427246094	174.1999969482422
2020-02-25	174.1999969482422	169.7100067138672
2020-02-26	169.7100067138672	163.32000732421875
2020-02-27	163.32000732421875	152.41000366210938
2020-02-28	152.41000366210938	165.30999755859375
2020-03-02	165.30999755859375	173.8000030517578
2020-03-03	173.8000030517578	168.49000549316406
2020-03-04	168.49000549316406	166.0500030517578
2020-03-05	166.0500030517578	162.61000061035156
2020-03-06	162.61000061035156	151.0
2020-03-09	151.0	158.16000366210938
2020-03-10	158.16000366210938	157.1300048828125
2020-03-11	157.1300048828125	145.3000030517578
2020-03-12	145.3000030517578	147.5
2020-03-13	147.5	140.0
2020-03-16	140.0	140.0
2020-03-17	140.0	138.0
2020-03-18	138.0	142.77000427246094
2020-03-19	142.77000427246094	146.0
2020-03-20	146.0	137.00999450683594
2020-03-23	137.00999450683594	143.75
2020-03-24	143.75	148.91000366210938
2020-03-25	148.91000366210938	148.39999389648438
2020-03-26	148.39999389648438	151.75
2020-03-27	151.75	152.44000244140625
2020-03-30	152.44000244140625	159.39999389648438
2020-03-31	159.39999389648438	153.0
2020-04-01	153.0	151.86000061035156
2020-04-02	151.86000061035156	155.10000610351562
2020-04-03	155.10000610351562	160.32000732421875
2020-04-06	160.32000732421875	169.58999633789062
2020-04-07	169.58999633789062	165.6699981689453
2020-04-08	165.6699981689453	166.36000061035156
2020-04-09	166.36000061035156	164.35000610351562
2020-04-13	164.35000610351562	164.35000610351562
